claim_id,claimant_name,claimant_age,claim_amount,claim_type,policy_duration_months,previous_claims_count,claim_description,submission_date,is_fraud
CLM-2024000384,William Wilson,44,28877.0,liability,199,0,Liability for accident,2023-02-28,0
CLM-2024000295,Patricia Williams,54,2087.9,auto,230,1,Rear-end accident on highway,2023-07-25,0
CLM-2024000500,Jennifer Brown,38,8713.1,liability,73,3,Dog bite incident,2023-03-30,0
CLM-2024000048,Patricia Miller,40,2307.18,health,111,3,Duplicate billing claim,2023-12-26,1
CLM-2024000304,Thomas Davis,35,1415.65,health,305,1,Emergency room visit for injury,2023-06-17,0
CLM-2024000406,David Jones,42,3166.14,liability,231,2,Property damage from tenant,2023-05-18,0
CLM-2024000495,Joseph Jones,42,5048.7,property,107,0,Storm damage to roof,2023-08-14,0
CLM-2024000454,Mary Wilson,28,10365.66,liability,139,3,Property damage from tenant,2023-09-20,0
CLM-2024000368,Elizabeth Anderson,57,7884.05,health,248,3,Emergency room visit for injury,2023-08-13,0
CLM-2024000472,Linda Smith,52,4450.73,auto,263,0,Side mirror damaged,2023-04-30,0
CLM-2024000172,Robert Anderson,47,2960.33,liability,85,1,Slip and fall incident,2023-02-05,0
CLM-2024000286,David Anderson,45,26276.68,auto,338,0,Side mirror damaged,2023-07-31,0
CLM-2024000186,Thomas Brown,45,8086.88,auto,98,0,Vehicle damaged in parking lot,2023-09-29,0
CLM-2024000245,Robert Martinez,65,11868.46,liability,295,1,Slip and fall incident,2023-10-10,0
CLM-2024000306,Mary Rodriguez,52,4649.04,liability,244,0,Liability for accident,2023-08-22,0
CLM-2024000009,Linda Williams,32,26041.81,auto,24,3,Exaggerated repair costs,2024-01-09,1
CLM-2024000188,John Williams,70,2281.65,health,113,0,Medication coverage,2024-01-25,0
CLM-2024000447,Patricia Rodriguez,57,15824.2,auto,246,3,Rear-end accident on highway,2023-10-25,0
CLM-2024000028,Sarah Davis,57,40844.85,auto,44,4,Total loss claim - minor damage,2023-04-08,1
CLM-2024000492,Elizabeth Johnson,33,4685.78,health,114,0,Medication coverage,2023-03-29,0
CLM-2024000131,Joseph Garcia,33,4630.75,health,250,3,Physical therapy sessions,2023-02-07,0
CLM-2024000303,Sarah Rodriguez,49,32105.92,auto,51,3,Rear-end accident on highway,2023-02-01,0
CLM-2024000127,Barbara Garcia,70,13800.57,auto,26,0,Side mirror damaged,2023-05-31,0
CLM-2024000025,Jessica Brown,49,1610.58,liability,31,1,Fake witness statement,2023-03-09,1
CLM-2024000063,Thomas Rodriguez,52,276169.99,auto,24,1,Pre-existing damage reported as new,2023-12-08,1
CLM-2024000024,David Johnson,39,47502.93,auto,29,0,Pre-existing damage reported as new,2023-01-17,1
CLM-2024000060,Jessica Martinez,58,32935.94,health,29,4,Duplicate billing claim,2023-05-06,1
CLM-2024000325,William Miller,42,9859.65,health,59,1,Emergency room visit for injury,2023-01-27,0
CLM-2024000328,Linda Rodriguez,75,5214.6,health,136,1,Physical therapy sessions,2023-07-23,0
CLM-2024000273,Mary Martinez,18,2215.22,health,317,0,Medication coverage,2024-01-05,0
CLM-2024000101,Patricia Davis,49,8610.9,property,316,1,Theft of belongings,2023-08-13,0
CLM-2024000248,Robert Miller,63,8424.59,health,77,2,Emergency room visit for injury,2024-01-29,0
CLM-2024000390,Jennifer Garcia,44,9142.34,property,296,0,Fire damage in kitchen,2023-03-13,0
CLM-2024000276,Mary Anderson,46,4206.23,liability,222,1,Dog bite incident,2024-01-12,0
CLM-2024000370,John Davis,64,13553.09,liability,349,0,Liability for accident,2023-07-13,0
CLM-2024000171,Barbara Smith,35,6270.98,property,26,0,Storm damage to roof,2023-06-23,0
CLM-2024000040,Patricia Anderson,46,1608.38,auto,24,2,Pre-existing damage reported as new,2023-03-01,1
CLM-2024000042,William Smith,62,7172.97,auto,33,5,Total loss claim - minor damage,2023-08-05,1
CLM-2024000225,Elizabeth Brown,38,1704.09,liability,81,0,Slip and fall incident,2023-01-19,0
CLM-2024000282,Barbara Williams,55,3547.42,liability,305,1,Property damage from tenant,2023-07-22,0
CLM-2024000395,Sarah Garcia,44,933.59,auto,293,1,Minor collision at intersection,2023-05-18,0
CLM-2024000287,Sarah Williams,48,3947.74,health,63,1,Medication coverage,2023-01-03,0
CLM-2024000311,Barbara Johnson,35,7875.16,health,204,0,Surgery for condition,2023-12-01,0
CLM-2024000344,James Anderson,42,3378.47,liability,206,0,Dog bite incident,2023-01-29,0
CLM-2024000100,Mary Williams,45,6308.88,health,24,1,Unnecessary procedures claimed,2023-02-06,1
CLM-2024000450,Patricia Williams,59,2171.26,health,151,0,Emergency room visit for injury,2023-03-11,0
CLM-2024000220,Barbara Johnson,24,4649.21,auto,107,1,Minor collision at intersection,2023-09-26,0
CLM-2024000062,Thomas Davis,61,3416.2,auto,24,0,Total loss claim - minor damage,2023-12-23,1
CLM-2024000376,Robert Garcia,33,1271.96,auto,163,0,Vehicle damaged in parking lot,2023-03-01,0
CLM-2024000318,Elizabeth Williams,32,939.31,property,306,0,Storm damage to roof,2023-05-02,0
CLM-2024000008,Jennifer Garcia,24,10632.69,auto,24,1,Exaggerated repair costs,2023-07-06,1
CLM-2024000431,James Anderson,47,1079.5,health,170,1,Surgery for condition,2023-03-03,0
CLM-2024000139,Thomas Jones,47,2696.7,property,79,1,Storm damage to roof,2023-09-29,0
CLM-2024000257,Barbara Miller,42,1983.14,property,172,2,Storm damage to roof,2024-01-11,0
CLM-2024000001,Patricia Wilson,50,11317.24,property,82,1,Staged damage claim,2023-03-13,1
CLM-2024000423,James Garcia,46,8042.15,auto,135,0,Vehicle damaged in parking lot,2023-09-28,0
CLM-2024000499,Thomas Martinez,66,9328.62,auto,52,0,Rear-end accident on highway,2023-09-15,0
CLM-2024000221,Richard Garcia,49,4756.68,auto,211,2,Vehicle damaged in parking lot,2023-11-22,0
CLM-2024000481,James Jones,52,18567.21,property,355,1,Storm damage to roof,2023-08-17,0
CLM-2024000241,Jennifer Anderson,43,1890.24,auto,114,0,Side mirror damaged,2023-08-20,0
CLM-2024000169,Sarah Garcia,35,3563.91,auto,348,0,Minor collision at intersection,2023-06-29,0
CLM-2024000315,Michael Johnson,45,14679.27,auto,326,1,Minor collision at intersection,2023-05-04,0
CLM-2024000460,Susan Williams,39,5967.54,liability,214,0,Property damage from tenant,2023-12-16,0
CLM-2024000132,Elizabeth Brown,18,1764.48,property,339,3,Fire damage in kitchen,2023-08-22,0
CLM-2024000358,John Anderson,44,14813.61,liability,209,0,Dog bite incident,2023-07-18,0
CLM-2024000038,Barbara Jones,18,68227.5,health,24,2,Duplicate billing claim,2023-05-06,1
CLM-2024000456,James Smith,41,6118.98,health,60,0,Surgery for condition,2023-03-04,0
CLM-2024000440,John Davis,44,16129.31,auto,103,0,Vehicle damaged in parking lot,2023-07-25,0
CLM-2024000279,Jessica Brown,39,3188.93,property,358,1,Storm damage to roof,2023-11-09,0
CLM-2024000424,Sarah Wilson,48,57256.71,liability,79,0,Dog bite incident,2023-07-07,0
CLM-2024000360,Susan Jones,40,4642.71,auto,149,0,Side mirror damaged,2023-03-27,0
CLM-2024000073,Richard Jones,48,53384.74,liability,24,0,Fake witness statement,2023-06-22,1
CLM-2024000335,Sarah Wilson,18,14639.91,liability,192,0,Slip and fall incident,2023-04-05,0
CLM-2024000280,Elizabeth Anderson,49,3226.06,health,154,1,Surgery for condition,2023-06-02,0
CLM-2024000111,Jessica Johnson,72,759.56,property,293,0,Water damage from pipe burst,2023-08-13,0
CLM-2024000216,Elizabeth Brown,30,639.55,liability,292,3,Property damage from tenant,2023-02-26,0
CLM-2024000281,William Jones,48,39159.6,property,262,0,Water damage from pipe burst,2023-10-14,0
CLM-2024000201,Jennifer Brown,25,2698.97,property,272,0,Theft of belongings,2023-06-08,0
CLM-2024000258,Linda Davis,38,10460.81,auto,201,1,Minor collision at intersection,2023-06-13,0
CLM-2024000297,James Jones,50,6861.37,property,240,1,Theft of belongings,2023-06-04,0
CLM-2024000219,Barbara Brown,64,1236.32,auto,85,0,Side mirror damaged,2023-11-11,0
CLM-2024000018,Jennifer Rodriguez,54,3087.1,health,108,3,Fake medical documents,2024-01-26,1
CLM-2024000078,Linda Johnson,48,10045.64,liability,24,2,Fabricated incident details,2023-02-08,1
CLM-2024000391,Jessica Williams,47,1292.92,property,329,0,Storm damage to roof,2023-01-05,0
CLM-2024000410,Barbara Jones,45,14263.8,property,93,2,Water damage from pipe burst,2023-02-17,0
CLM-2024000486,Jennifer Anderson,46,2487.29,health,65,0,Emergency room visit for injury,2023-07-12,0
CLM-2024000095,Thomas Miller,34,3975.54,liability,16,2,Fake witness statement,2023-04-26,1
CLM-2024000013,Robert Rodriguez,38,23190.59,liability,24,1,Fake witness statement,2023-04-23,1
CLM-2024000421,Thomas Martinez,44,9651.03,property,25,2,Storm damage to roof,2023-04-16,0
CLM-2024000327,Patricia Anderson,41,1625.34,health,19,0,Medication coverage,2024-01-15,0
CLM-2024000396,Linda Jones,50,6049.24,liability,237,1,Slip and fall incident,2023-02-22,0
CLM-2024000166,Sarah Smith,44,2003.69,property,233,0,Theft of belongings,2023-03-08,0
CLM-2024000441,Barbara Brown,75,2890.35,liability,171,0,Property damage from tenant,2023-01-05,0
CLM-2024000143,Richard Wilson,70,697.79,property,200,1,Theft of belongings,2023-10-27,0
CLM-2024000107,Richard Rodriguez,56,9427.55,property,222,1,Water damage from pipe burst,2023-12-06,0
CLM-2024000226,Thomas Miller,44,12773.68,property,114,2,Fire damage in kitchen,2023-06-08,0
CLM-2024000425,John Smith,37,2889.97,auto,253,3,Vehicle damaged in parking lot,2023-01-09,0
CLM-2024000090,Linda Garcia,41,279915.4,property,24,5,Inflated property values,2023-06-01,1
CLM-2024000061,Linda Williams,54,6761.35,health,24,2,Fake medical documents,2023-07-24,1
CLM-2024000120,Mary Williams,37,11526.84,health,207,0,Physical therapy sessions,2023-09-11,0
CLM-2024000455,Richard Davis,52,42755.57,health,145,2,Surgery for condition,2023-01-16,0
CLM-2024000353,Elizabeth Brown,26,9009.28,liability,233,0,Slip and fall incident,2023-02-13,0
CLM-2024000178,Michael Jones,44,1803.47,auto,35,0,Rear-end accident on highway,2023-01-04,0
CLM-2024000387,Patricia Brown,52,12998.05,health,326,1,Physical therapy sessions,2023-06-10,0
CLM-2024000246,Susan Miller,44,21589.11,liability,45,0,Slip and fall incident,2023-09-27,0
CLM-2024000195,Joseph Davis,56,2760.3,auto,270,1,Rear-end accident on highway,2023-05-07,0
CLM-2024000272,Elizabeth Anderson,51,20776.31,auto,200,0,Minor collision at intersection,2023-08-02,0
CLM-2024000464,Sarah Smith,38,7166.78,health,114,1,Medication coverage,2023-11-19,0
CLM-2024000003,Linda Davis,42,17764.4,health,24,0,Fake medical documents,2023-08-03,1
CLM-2024000277,Jessica Rodriguez,59,6338.65,property,277,0,Fire damage in kitchen,2023-12-06,0
CLM-2024000451,Patricia Rodriguez,49,3316.49,property,96,0,Theft of belongings,2023-07-28,0
CLM-2024000274,Linda Smith,51,4011.64,liability,99,1,Slip and fall incident,2023-03-17,0
CLM-2024000240,Elizabeth Anderson,80,15056.65,liability,146,1,Liability for accident,2023-04-20,0
CLM-2024000316,Mary Miller,24,22687.07,auto,316,0,Side mirror damaged,2023-05-06,0
CLM-2024000412,Patricia Smith,72,3419.2,auto,131,0,Rear-end accident on highway,2023-12-27,0
CLM-2024000484,Linda Williams,36,29760.59,auto,191,1,Side mirror damaged,2023-09-03,0
CLM-2024000399,Sarah Williams,44,9715.72,property,42,1,Theft of belongings,2023-11-02,0
CLM-2024000404,James Anderson,47,3044.99,liability,200,0,Slip and fall incident,2023-06-17,0
CLM-2024000205,Elizabeth Anderson,46,8220.93,health,34,0,Medication coverage,2023-08-16,0
CLM-2024000333,Sarah Wilson,36,5466.7,health,129,0,Physical therapy sessions,2023-09-13,0
CLM-2024000419,Susan Garcia,63,1811.02,liability,75,1,Dog bite incident,2023-06-29,0
CLM-2024000113,Joseph Johnson,39,14602.54,health,294,0,Surgery for condition,2023-02-28,0
CLM-2024000140,David Johnson,45,3343.21,liability,143,3,Liability for accident,2023-06-01,0
CLM-2024000174,John Smith,27,1202.95,property,92,0,Storm damage to roof,2024-02-02,0
CLM-2024000362,Robert Jones,28,10334.72,liability,316,1,Slip and fall incident,2023-02-24,0
CLM-2024000334,Jessica Davis,41,22114.59,liability,143,1,Dog bite incident,2024-01-06,0
CLM-2024000314,Patricia Smith,33,4333.86,property,247,0,Fire damage in kitchen,2023-04-07,0
CLM-2024000256,Michael Garcia,48,4673.96,liability,92,0,Dog bite incident,2023-08-26,0
CLM-2024000032,Michael Smith,31,3179.73,liability,37,2,Fabricated incident details,2023-06-01,1
CLM-2024000190,Elizabeth Jones,71,2190.1,liability,89,0,Slip and fall incident,2023-08-15,0
CLM-2024000309,Elizabeth Miller,46,10155.46,liability,47,3,Dog bite incident,2023-01-17,0
CLM-2024000006,John Rodriguez,39,12445.07,auto,24,1,Exaggerated repair costs,2023-07-13,1
CLM-2024000452,Patricia Johnson,45,17649.31,liability,118,0,Dog bite incident,2023-05-16,0
CLM-2024000388,Richard Miller,52,1022.26,health,71,0,Surgery for condition,2023-09-19,0
CLM-2024000182,Susan Jones,43,7344.53,liability,172,1,Slip and fall incident,2023-12-30,0
CLM-2024000059,Linda Wilson,44,3286.53,property,37,2,Fake inventory list,2024-01-20,1
CLM-2024000290,Richard Davis,27,15425.14,health,101,0,Surgery for condition,2023-01-19,0
CLM-2024000343,Mary Johnson,30,10026.62,auto,127,0,Side mirror damaged,2023-12-01,0
CLM-2024000383,Patricia Rodriguez,58,2432.86,auto,121,0,Rear-end accident on highway,2023-10-23,0
CLM-2024000496,Patricia Johnson,47,637.95,health,149,1,Physical therapy sessions,2024-01-21,0
CLM-2024000092,Elizabeth Davis,32,23836.35,liability,17,3,Fake witness statement,2023-01-07,1
CLM-2024000187,Patricia Williams,62,12826.53,health,191,1,Physical therapy sessions,2023-05-01,0
CLM-2024000443,James Miller,53,31154.29,health,112,1,Emergency room visit for injury,2023-03-19,0
CLM-2024000482,Patricia Anderson,47,9986.64,property,139,1,Water damage from pipe burst,2023-05-12,0
CLM-2024000183,Joseph Anderson,53,3290.45,property,219,0,Theft of belongings,2023-03-29,0
CLM-2024000087,Thomas Garcia,44,30081.13,property,24,3,Fake inventory list,2023-10-11,1
CLM-2024000135,Linda Martinez,39,5601.22,property,322,1,Theft of belongings,2024-02-02,0
CLM-2024000298,Elizabeth Williams,57,2951.25,auto,132,0,Side mirror damaged,2023-08-27,0
CLM-2024000405,Sarah Miller,60,2009.0,property,246,1,Storm damage to roof,2023-02-02,0
CLM-2024000075,James Martinez,51,37390.34,auto,24,0,Total loss claim - minor damage,2023-04-13,1
CLM-2024000313,Richard Brown,64,2947.71,liability,164,0,Dog bite incident,2023-09-30,0
CLM-2024000012,Linda Anderson,45,2417.05,liability,64,2,Fabricated incident details,2023-03-13,1
CLM-2024000367,Sarah Williams,49,895.53,health,70,3,Emergency room visit for injury,2023-10-31,0
CLM-2024000043,Sarah Anderson,35,7316.53,property,43,3,Fake inventory list,2023-08-15,1
CLM-2024000493,Jessica Wilson,44,1543.23,liability,71,0,Property damage from tenant,2023-08-30,0
CLM-2024000261,Elizabeth Davis,24,8462.16,liability,267,3,Slip and fall incident,2023-09-13,0
CLM-2024000230,Jennifer Rodriguez,38,1483.44,auto,54,1,Vehicle damaged in parking lot,2023-08-09,0
CLM-2024000342,Richard Davis,38,8017.44,auto,148,1,Rear-end accident on highway,2023-07-11,0
CLM-2024000027,Mary Miller,36,55315.29,auto,24,4,Pre-existing damage reported as new,2023-02-20,1
CLM-2024000379,Patricia Wilson,50,5912.57,property,70,0,Storm damage to roof,2023-11-28,0
CLM-2024000080,Jessica Johnson,30,29373.97,property,85,2,Fake inventory list,2023-08-04,1
CLM-2024000321,Jennifer Rodriguez,40,26082.54,property,225,0,Fire damage in kitchen,2023-07-12,0
CLM-2024000294,Michael Williams,39,2100.97,property,107,0,Fire damage in kitchen,2023-06-01,0
CLM-2024000355,Elizabeth Davis,20,26808.02,auto,174,0,Vehicle damaged in parking lot,2023-01-03,0
CLM-2024000161,Thomas Jones,46,8912.03,property,45,0,Fire damage in kitchen,2023-07-15,0
CLM-2024000375,James Davis,37,1203.92,health,359,1,Emergency room visit for injury,2023-06-26,0
CLM-2024000319,Jennifer Wilson,54,5288.65,auto,223,0,Side mirror damaged,2023-10-13,0
CLM-2024000049,Linda Brown,48,28658.98,health,24,2,Duplicate billing claim,2023-06-06,1
CLM-2024000366,William Miller,47,1847.57,property,306,1,Theft of belongings,2023-07-12,0
CLM-2024000083,Richard Garcia,56,30585.97,property,24,5,Inflated property values,2023-08-26,1
CLM-2024000345,David Martinez,53,7663.8,liability,54,0,Slip and fall incident,2023-11-27,0
CLM-2024000307,William Smith,48,1594.81,auto,356,2,Rear-end accident on highway,2023-07-22,0
CLM-2024000212,Richard Johnson,42,12985.27,property,39,0,Theft of belongings,2023-05-01,0
CLM-2024000137,Mary Martinez,58,4965.32,property,333,1,Theft of belongings,2023-08-14,0
CLM-2024000010,Mary Brown,34,4598.39,health,24,1,Duplicate billing claim,2024-02-02,1
CLM-2024000194,Patricia Garcia,49,32085.86,auto,268,0,Minor collision at intersection,2023-08-19,0
CLM-2024000371,Mary Garcia,22,1367.07,liability,310,0,Slip and fall incident,2023-10-06,0
CLM-2024000123,Sarah Miller,30,3517.48,auto,331,1,Vehicle damaged in parking lot,2023-06-18,0
CLM-2024000181,James Davis,51,22759.52,auto,48,0,Minor collision at intersection,2023-08-12,0
CLM-2024000494,Barbara Miller,63,11817.8,liability,58,1,Property damage from tenant,2023-04-05,0
CLM-2024000332,Robert Brown,44,2854.28,liability,295,3,Property damage from tenant,2023-06-01,0
CLM-2024000196,Susan Garcia,34,8037.87,property,198,0,Water damage from pipe burst,2023-07-18,0
CLM-2024000466,Linda Smith,38,32246.25,property,150,0,Theft of belongings,2023-11-02,0
CLM-2024000158,Thomas Jones,60,5019.09,auto,243,1,Side mirror damaged,2024-01-08,0
CLM-2024000402,Robert Martinez,46,3095.56,liability,176,2,Property damage from tenant,2023-09-08,0
CLM-2024000250,William Brown,34,1232.99,property,189,3,Theft of belongings,2023-02-10,0
CLM-2024000126,Jennifer Anderson,29,12306.24,auto,336,1,Vehicle damaged in parking lot,2023-08-16,0
CLM-2024000497,Mary Miller,42,2484.97,health,289,0,Medication coverage,2023-10-11,0
CLM-2024000148,Patricia Davis,49,2457.97,health,312,1,Medication coverage,2023-08-01,0
CLM-2024000044,Sarah Smith,55,34742.7,auto,24,0,Exaggerated repair costs,2023-03-18,1
CLM-2024000054,David Martinez,67,20690.06,health,24,3,Unnecessary procedures claimed,2023-12-07,1
CLM-2024000071,Jennifer Davis,47,111261.18,auto,24,2,Total loss claim - minor damage,2023-07-27,1
CLM-2024000330,David Brown,47,4254.1,liability,250,0,Property damage from tenant,2024-01-25,0
CLM-2024000002,Michael Brown,52,83086.36,liability,115,2,Fabricated incident details,2023-02-17,1
CLM-2024000337,Robert Smith,40,3389.91,health,82,2,Surgery for condition,2023-02-04,0
CLM-2024000348,Richard Johnson,52,3606.36,health,20,3,Physical therapy sessions,2024-01-21,0
CLM-2024000426,Thomas Jones,37,2820.09,auto,122,0,Side mirror damaged,2023-07-23,0
CLM-2024000393,Linda Jones,51,14483.72,auto,262,0,Minor collision at intersection,2024-01-25,0
CLM-2024000162,Patricia Wilson,35,39830.46,auto,270,1,Rear-end accident on highway,2023-12-26,0
CLM-2024000409,Robert Wilson,48,11963.68,liability,245,0,Property damage from tenant,2023-04-14,0
CLM-2024000125,John Miller,66,7368.59,property,132,1,Water damage from pipe burst,2023-04-27,0
CLM-2024000021,Susan Brown,53,16409.93,health,17,3,Fake medical documents,2023-11-07,1
CLM-2024000200,Thomas Johnson,43,16946.5,health,341,1,Medication coverage,2023-12-10,0
CLM-2024000339,James Rodriguez,31,28346.83,liability,20,0,Property damage from tenant,2023-01-07,0
CLM-2024000266,Patricia Williams,52,933.07,property,209,1,Water damage from pipe burst,2023-11-16,0
CLM-2024000081,Thomas Wilson,33,53194.86,liability,24,3,Fake witness statement,2024-01-11,1
CLM-2024000037,Patricia Johnson,44,87340.75,auto,39,2,Pre-existing damage reported as new,2023-11-15,1
CLM-2024000118,David Brown,70,9264.26,liability,188,0,Dog bite incident,2023-08-22,0
CLM-2024000338,Jessica Wilson,28,2257.88,auto,270,0,Side mirror damaged,2023-11-13,0
CLM-2024000105,Jessica Johnson,51,150000.0,liability,154,0,Liability for accident,2023-11-22,0
CLM-2024000427,Sarah Rodriguez,37,16139.36,auto,228,1,Rear-end accident on highway,2023-11-24,0
CLM-2024000449,David Garcia,42,5691.41,property,133,0,Fire damage in kitchen,2023-07-21,0
CLM-2024000036,Robert Wilson,49,84596.14,property,27,3,Staged damage claim,2023-07-22,1
CLM-2024000039,Thomas Smith,46,18568.44,property,24,4,Staged damage claim,2023-12-01,1
CLM-2024000253,Michael Martinez,37,3019.58,property,35,3,Fire damage in kitchen,2023-11-30,0
CLM-2024000329,William Garcia,45,4797.62,property,156,0,Fire damage in kitchen,2023-06-07,0
CLM-2024000479,Patricia Davis,49,7760.12,health,105,1,Surgery for condition,2023-11-24,0
CLM-2024000442,Barbara Martinez,39,13962.92,health,300,1,Medication coverage,2023-08-26,0
CLM-2024000270,Elizabeth Martinez,57,2760.34,liability,325,0,Property damage from tenant,2023-11-12,0
CLM-2024000254,Sarah Jones,37,2071.46,liability,328,1,Property damage from tenant,2023-11-18,0
CLM-2024000233,Susan Jones,43,3940.37,property,33,1,Water damage from pipe burst,2023-11-11,0
CLM-2024000129,Linda Davis,60,2421.96,liability,52,1,Dog bite incident,2023-11-14,0
CLM-2024000284,William Williams,20,1793.48,property,257,0,Water damage from pipe burst,2023-10-15,0
CLM-2024000232,Joseph Garcia,36,6087.42,health,320,1,Medication coverage,2023-12-20,0
CLM-2024000271,Elizabeth Davis,55,1588.1,liability,271,2,Slip and fall incident,2023-12-29,0
CLM-2024000159,Richard Miller,53,3603.76,auto,341,3,Minor collision at intersection,2023-09-03,0
CLM-2024000149,Joseph Davis,55,6682.85,property,155,0,Storm damage to roof,2023-04-22,0
CLM-2024000237,Joseph Johnson,26,19280.98,property,359,0,Storm damage to roof,2023-07-10,0
CLM-2024000163,David Davis,32,1459.44,health,232,0,Medication coverage,2023-07-31,0
CLM-2024000222,Linda Anderson,20,4495.71,auto,20,0,Minor collision at intersection,2023-06-26,0
CLM-2024000278,David Rodriguez,49,3255.57,liability,172,3,Property damage from tenant,2023-09-30,0
CLM-2024000121,Thomas Davis,35,4382.01,liability,63,2,Slip and fall incident,2023-02-21,0
CLM-2024000031,Richard Jones,39,14238.04,liability,24,1,Fake witness statement,2023-01-02,1
CLM-2024000218,Thomas Martinez,63,5292.76,auto,267,1,Rear-end accident on highway,2023-11-20,0
CLM-2024000119,David Anderson,20,5922.15,liability,304,0,Liability for accident,2023-01-23,0
CLM-2024000458,Joseph Williams,43,6496.52,auto,50,0,Minor collision at intersection,2023-04-12,0
CLM-2024000150,Barbara Smith,54,9224.6,property,197,0,Fire damage in kitchen,2023-10-06,0
CLM-2024000067,Richard Anderson,32,23583.7,auto,41,4,Total loss claim - minor damage,2023-04-29,1
CLM-2024000096,Patricia Brown,39,63350.34,liability,24,2,Fabricated incident details,2023-11-09,1
CLM-2024000085,Susan Davis,42,7315.32,auto,24,4,Pre-existing damage reported as new,2023-05-04,1
CLM-2024000228,Richard Anderson,38,2224.14,property,151,0,Fire damage in kitchen,2023-08-12,0
CLM-2024000202,John Jones,45,5151.18,health,260,0,Emergency room visit for injury,2023-03-21,0
CLM-2024000108,Patricia Miller,41,10498.31,property,244,0,Water damage from pipe burst,2023-06-15,0
CLM-2024000079,Barbara Rodriguez,67,38989.11,auto,24,2,Exaggerated repair costs,2023-01-22,1
CLM-2024000224,Jessica Wilson,49,1920.08,liability,341,0,Dog bite incident,2023-12-23,0
CLM-2024000413,Joseph Smith,39,21023.25,health,256,0,Emergency room visit for injury,2023-09-23,0
CLM-2024000461,Joseph Williams,57,1760.73,property,121,3,Water damage from pipe burst,2023-05-24,0
CLM-2024000347,Mary Williams,32,9099.14,property,50,1,Theft of belongings,2023-10-06,0
CLM-2024000057,David Davis,45,205221.92,auto,24,2,Exaggerated repair costs,2023-10-24,1
CLM-2024000023,Sarah Brown,27,5631.81,health,58,1,Fake medical documents,2023-01-11,1
CLM-2024000168,Thomas Brown,56,4242.65,property,159,1,Storm damage to roof,2023-02-23,0
CLM-2024000086,John Jones,34,7993.88,liability,24,1,Exaggerated injury claim,2023-01-09,1
CLM-2024000231,Elizabeth Jones,68,5091.17,property,176,0,Fire damage in kitchen,2023-12-05,0
CLM-2024000175,John Jones,36,3970.12,auto,92,1,Side mirror damaged,2023-12-12,0
CLM-2024000323,Thomas Williams,42,3741.63,liability,299,0,Liability for accident,2023-10-13,0
CLM-2024000094,Elizabeth Johnson,50,12241.72,auto,63,0,Total loss claim - minor damage,2023-10-16,1
CLM-2024000446,Susan Anderson,54,8162.24,health,155,0,Physical therapy sessions,2023-09-24,0
CLM-2024000066,Linda Jones,26,14505.39,liability,81,1,Fake witness statement,2023-05-27,1
CLM-2024000242,Barbara Anderson,25,6023.74,property,56,2,Water damage from pipe burst,2023-12-08,0
CLM-2024000050,William Garcia,45,10081.88,property,85,1,Staged damage claim,2023-02-05,1
CLM-2024000151,John Wilson,35,2806.85,auto,153,0,Rear-end accident on highway,2023-08-21,0
CLM-2024000093,Patricia Johnson,42,31470.33,auto,57,2,Exaggerated repair costs,2023-09-02,1
CLM-2024000088,Linda Johnson,48,51071.07,property,24,2,Staged damage claim,2023-05-09,1
CLM-2024000471,Sarah Jones,29,11759.98,health,302,1,Surgery for condition,2023-09-10,0
CLM-2024000378,John Jones,33,68348.99,liability,61,0,Slip and fall incident,2023-06-13,0
CLM-2024000184,Susan Martinez,47,4977.05,auto,57,0,Side mirror damaged,2023-05-05,0
CLM-2024000418,John Johnson,44,6211.85,liability,222,1,Dog bite incident,2023-04-22,0
CLM-2024000394,Joseph Martinez,55,7778.98,property,152,0,Fire damage in kitchen,2023-03-28,0
CLM-2024000176,William Brown,48,21490.28,liability,350,0,Slip and fall incident,2023-08-01,0
CLM-2024000098,Elizabeth Anderson,47,21213.24,liability,1,2,Fake witness statement,2023-04-29,1
CLM-2024000019,Elizabeth Brown,47,1640.32,property,24,0,Inflated property values,2023-07-05,1
CLM-2024000480,David Williams,51,7690.25,health,181,1,Emergency room visit for injury,2023-06-27,0
CLM-2024000208,Mary Wilson,48,2325.09,health,114,2,Medication coverage,2023-05-09,0
CLM-2024000462,Elizabeth Davis,46,2440.31,health,326,1,Medication coverage,2023-11-28,0
CLM-2024000340,Susan Williams,56,17528.0,auto,286,3,Minor collision at intersection,2023-09-15,0
CLM-2024000152,David Brown,53,9048.64,auto,340,1,Rear-end accident on highway,2023-01-26,0
CLM-2024000255,Joseph Johnson,45,2141.05,liability,259,0,Slip and fall incident,2023-06-02,0
CLM-2024000014,Susan Martinez,31,20969.78,auto,12,3,Total loss claim - minor damage,2023-03-23,1
CLM-2024000072,Susan Williams,25,28851.38,liability,24,2,Fake witness statement,2023-02-12,1
CLM-2024000487,Jessica Anderson,55,2559.01,auto,292,3,Minor collision at intersection,2023-06-23,0
CLM-2024000377,Jessica Garcia,33,14095.94,health,187,0,Medication coverage,2023-09-24,0
CLM-2024000369,Elizabeth Brown,48,13130.47,health,221,1,Physical therapy sessions,2023-11-21,0
CLM-2024000352,Linda Garcia,36,1201.76,liability,336,0,Liability for accident,2023-09-09,0
CLM-2024000386,Jennifer Wilson,53,2800.44,property,312,0,Theft of belongings,2023-08-23,0
CLM-2024000459,Jennifer Martinez,52,5923.06,liability,181,0,Liability for accident,2023-01-26,0
CLM-2024000392,Jessica Miller,49,9050.59,liability,208,3,Liability for accident,2023-07-29,0
CLM-2024000296,William Miller,45,3048.31,health,256,0,Surgery for condition,2023-01-04,0
CLM-2024000134,James Martinez,64,1175.98,liability,163,0,Slip and fall incident,2023-05-21,0
CLM-2024000457,John Martinez,47,23800.3,liability,78,0,Property damage from tenant,2023-07-10,0
CLM-2024000476,Susan Wilson,42,6988.74,health,177,0,Medication coverage,2024-01-10,0
CLM-2024000433,Patricia Smith,37,3335.24,property,97,0,Theft of belongings,2024-01-11,0
CLM-2024000483,Susan Davis,43,20746.18,liability,36,0,Liability for accident,2023-03-27,0
CLM-2024000033,Jessica Rodriguez,54,68015.31,property,95,2,Staged damage claim,2023-10-27,1
CLM-2024000247,Joseph Wilson,45,2077.07,auto,76,3,Vehicle damaged in parking lot,2023-08-19,0
CLM-2024000056,Jennifer Martinez,21,19454.95,liability,24,1,Fabricated incident details,2024-01-19,1
CLM-2024000153,Michael Brown,44,5526.6,health,301,0,Physical therapy sessions,2023-10-28,0
CLM-2024000145,Elizabeth Wilson,48,2636.74,liability,343,0,Liability for accident,2023-12-25,0
CLM-2024000288,Michael Jones,54,538.54,liability,346,3,Property damage from tenant,2023-09-02,0
CLM-2024000385,Richard Martinez,37,30105.06,property,282,3,Fire damage in kitchen,2023-11-02,0
CLM-2024000262,Michael Martinez,37,8695.83,liability,58,3,Property damage from tenant,2023-05-04,0
CLM-2024000004,David Jones,63,44551.03,auto,24,4,Total loss claim - minor damage,2023-08-05,1
CLM-2024000053,James Rodriguez,43,21695.52,property,116,2,Staged damage claim,2023-08-12,1
CLM-2024000300,Jessica Williams,39,7167.42,health,200,1,Medication coverage,2023-03-10,0
CLM-2024000408,Patricia Williams,57,1112.58,liability,332,1,Liability for accident,2023-01-09,0
CLM-2024000473,David Anderson,67,1685.66,health,12,0,Surgery for condition,2023-03-08,0
CLM-2024000155,James Garcia,51,4015.06,auto,101,0,Rear-end accident on highway,2023-03-09,0
CLM-2024000239,Richard Rodriguez,51,6709.3,liability,25,1,Slip and fall incident,2023-09-23,0
CLM-2024000112,Jennifer Jones,53,979.74,health,334,1,Emergency room visit for injury,2023-12-30,0
CLM-2024000430,Joseph Martinez,38,9255.12,liability,41,0,Slip and fall incident,2023-03-01,0
CLM-2024000236,Mary Martinez,41,500.0,liability,342,0,Dog bite incident,2023-10-18,0
CLM-2024000179,Patricia Smith,44,3682.48,property,82,1,Fire damage in kitchen,2023-06-17,0
CLM-2024000193,Michael Garcia,35,5712.4,auto,248,1,Side mirror damaged,2023-08-19,0
CLM-2024000498,Linda Davis,32,3710.42,liability,286,1,Property damage from tenant,2023-10-21,0
CLM-2024000363,Joseph Garcia,47,4088.84,liability,214,0,Liability for accident,2023-06-18,0
CLM-2024000157,Joseph Garcia,54,11086.79,auto,281,0,Minor collision at intersection,2023-09-01,0
CLM-2024000429,Susan Anderson,35,7874.74,auto,212,1,Rear-end accident on highway,2023-06-08,0
CLM-2024000130,William Wilson,50,10664.06,property,130,0,Water damage from pipe burst,2023-08-24,0
CLM-2024000115,Michael Martinez,36,9697.25,health,253,0,Surgery for condition,2023-07-16,0
CLM-2024000324,John Davis,18,4655.04,property,136,0,Theft of belongings,2023-11-28,0
CLM-2024000308,John Rodriguez,74,5592.72,liability,308,0,Slip and fall incident,2023-06-26,0
CLM-2024000372,Mary Martinez,37,5044.69,property,67,1,Fire damage in kitchen,2023-03-27,0
CLM-2024000068,Mary Brown,33,140225.44,liability,24,1,Fake witness statement,2023-08-01,1
CLM-2024000346,Jessica Jones,40,15667.28,health,282,3,Emergency room visit for injury,2023-04-19,0
CLM-2024000005,Patricia Garcia,39,25618.55,property,28,5,Fake inventory list,2023-07-14,1
CLM-2024000415,David Garcia,39,3707.88,auto,129,0,Vehicle damaged in parking lot,2023-02-22,0
CLM-2024000263,Jessica Jones,35,808.45,liability,36,0,Slip and fall incident,2023-11-02,0
CLM-2024000210,Thomas Williams,59,5258.07,property,54,1,Fire damage in kitchen,2023-08-19,0
CLM-2024000398,Robert Brown,32,14089.05,liability,313,1,Dog bite incident,2023-03-26,0
CLM-2024000106,Patricia Williams,51,15299.35,property,190,0,Theft of belongings,2023-12-10,0
CLM-2024000116,Thomas Jones,36,6102.53,liability,47,0,Slip and fall incident,2023-06-24,0
CLM-2024000114,William Miller,45,1672.8,property,267,3,Fire damage in kitchen,2023-09-18,0
CLM-2024000110,Mary Brown,39,5334.09,liability,330,1,Property damage from tenant,2024-01-25,0
CLM-2024000438,David Brown,44,29571.25,liability,30,1,Liability for accident,2023-04-25,0
CLM-2024000341,Thomas Jones,53,1589.14,health,61,1,Physical therapy sessions,2023-04-09,0
CLM-2024000365,Elizabeth Anderson,38,2256.78,liability,257,0,Liability for accident,2023-06-13,0
CLM-2024000198,John Martinez,59,3074.27,health,157,0,Surgery for condition,2023-06-20,0
CLM-2024000485,James Garcia,44,1175.24,auto,49,1,Vehicle damaged in parking lot,2023-05-31,0
CLM-2024000146,Jessica Johnson,42,3001.9,auto,71,0,Minor collision at intersection,2023-06-05,0
CLM-2024000047,David Miller,36,9016.45,liability,103,4,Fabricated incident details,2024-01-13,1
CLM-2024000488,Susan Williams,39,742.82,health,232,3,Emergency room visit for injury,2023-11-07,0
CLM-2024000084,David Jones,54,193068.12,health,24,4,Fake medical documents,2023-05-13,1
CLM-2024000444,James Wilson,52,3431.35,auto,131,1,Side mirror damaged,2023-06-21,0
CLM-2024000180,Linda Rodriguez,48,2149.02,liability,232,0,Property damage from tenant,2023-09-30,0
CLM-2024000477,Jennifer Miller,29,20821.98,property,344,0,Theft of belongings,2023-04-25,0
CLM-2024000465,Thomas Garcia,63,4602.02,liability,195,0,Liability for accident,2023-06-26,0
CLM-2024000436,Thomas Smith,42,2212.11,auto,142,1,Minor collision at intersection,2023-04-27,0
CLM-2024000091,Sarah Jones,52,4776.25,health,39,0,Fake medical documents,2023-01-28,1
CLM-2024000229,Jessica Garcia,43,1745.43,health,209,0,Physical therapy sessions,2023-09-12,0
CLM-2024000489,Sarah Anderson,39,500.0,health,63,0,Physical therapy sessions,2023-07-29,0
CLM-2024000251,Jennifer Martinez,56,33170.51,auto,76,1,Rear-end accident on highway,2023-09-15,0
CLM-2024000416,Robert Johnson,28,1961.27,health,82,0,Emergency room visit for injury,2023-11-25,0
CLM-2024000124,Mary Martinez,39,2557.21,liability,332,1,Slip and fall incident,2023-10-05,0
CLM-2024000016,Jennifer Davis,37,123344.17,property,97,1,Inflated property values,2023-08-11,1
CLM-2024000490,Mary Miller,25,10513.49,health,350,0,Medication coverage,2023-02-19,0
CLM-2024000064,Susan Rodriguez,33,12021.83,liability,24,5,Fake witness statement,2023-09-16,1
CLM-2024000326,Michael Garcia,67,15162.26,health,49,0,Physical therapy sessions,2023-09-03,0
CLM-2024000478,Richard Martinez,44,15022.37,auto,162,0,Minor collision at intersection,2023-12-26,0
CLM-2024000259,Mary Jones,51,1849.08,health,148,0,Medication coverage,2023-02-19,0
CLM-2024000238,William Brown,64,3831.32,property,283,0,Water damage from pipe burst,2023-11-29,0
CLM-2024000189,David Wilson,55,5903.74,liability,249,1,Property damage from tenant,2023-12-15,0
CLM-2024000141,Richard Rodriguez,46,9529.34,health,50,0,Physical therapy sessions,2023-12-13,0
CLM-2024000102,John Martinez,57,14098.19,liability,218,3,Slip and fall incident,2023-08-13,0
CLM-2024000361,William Brown,48,888.76,auto,165,0,Side mirror damaged,2023-07-04,0
CLM-2024000185,David Brown,46,2268.76,property,280,0,Theft of belongings,2024-01-17,0
CLM-2024000420,Sarah Martinez,56,3967.97,auto,138,0,Vehicle damaged in parking lot,2023-05-08,0
CLM-2024000234,Thomas Anderson,52,10482.97,liability,50,1,Dog bite incident,2023-07-06,0
CLM-2024000017,Patricia Wilson,44,6794.28,property,24,4,Fake inventory list,2023-09-17,1
CLM-2024000128,Jennifer Williams,26,3028.33,liability,86,0,Dog bite incident,2023-10-17,0
CLM-2024000030,Jennifer Miller,48,83608.93,auto,7,3,Exaggerated repair costs,2023-05-02,1
CLM-2024000103,John Brown,28,1924.03,property,233,1,Water damage from pipe burst,2023-01-14,0
CLM-2024000099,Michael Miller,34,31154.34,auto,24,4,Total loss claim - minor damage,2023-11-17,1
CLM-2024000434,John Davis,48,6866.82,auto,231,0,Side mirror damaged,2023-05-15,0
CLM-2024000015,Patricia Wilson,37,18610.45,liability,24,2,Fabricated incident details,2023-01-06,1
CLM-2024000292,Thomas Davis,52,47604.99,liability,244,3,Property damage from tenant,2023-03-10,0
CLM-2024000269,Thomas Williams,34,3345.74,health,254,1,Physical therapy sessions,2023-11-07,0
CLM-2024000070,Linda Davis,54,5452.87,liability,24,3,Exaggerated injury claim,2023-11-05,1
CLM-2024000432,Thomas Anderson,63,29610.3,property,17,0,Theft of belongings,2023-09-25,0
CLM-2024000260,David Brown,46,10419.01,health,327,0,Surgery for condition,2023-06-17,0
CLM-2024000364,David Martinez,45,6957.54,health,345,3,Surgery for condition,2023-06-03,0
CLM-2024000411,Richard Wilson,38,20117.54,health,202,1,Physical therapy sessions,2023-01-27,0
CLM-2024000034,Linda Miller,44,55894.95,auto,21,0,Total loss claim - minor damage,2023-02-04,1
CLM-2024000082,William Garcia,58,9284.24,liability,24,4,Exaggerated injury claim,2023-10-31,1
CLM-2024000264,Barbara Miller,25,5156.87,property,67,0,Theft of belongings,2024-01-08,0
CLM-2024000029,Joseph Rodriguez,34,9218.29,liability,55,1,Exaggerated injury claim,2023-02-08,1
CLM-2024000192,John Martinez,19,2905.16,auto,200,2,Side mirror damaged,2023-11-27,0
CLM-2024000265,Sarah Jones,48,1989.59,health,35,0,Emergency room visit for injury,2023-07-05,0
CLM-2024000475,Patricia Garcia,44,6268.8,liability,49,0,Property damage from tenant,2023-10-28,0
CLM-2024000380,Sarah Miller,34,9900.2,health,136,1,Medication coverage,2023-06-19,0
CLM-2024000209,Thomas Johnson,63,5517.47,auto,202,1,Vehicle damaged in parking lot,2023-12-31,0
CLM-2024000109,Mary Brown,35,3878.41,liability,348,2,Property damage from tenant,2023-07-31,0
CLM-2024000463,Richard Williams,59,1071.5,auto,293,0,Side mirror damaged,2023-05-24,0
CLM-2024000097,Sarah Johnson,47,2996.24,auto,28,1,Total loss claim - minor damage,2023-03-30,1
CLM-2024000046,Robert Brown,46,70395.17,auto,24,3,Total loss claim - minor damage,2023-07-28,1
CLM-2024000331,Robert Smith,38,2844.5,health,172,0,Physical therapy sessions,2024-01-15,0
CLM-2024000310,Richard Davis,50,6148.01,liability,81,1,Liability for accident,2023-07-11,0
CLM-2024000214,Robert Anderson,33,9760.04,liability,31,0,Liability for accident,2023-12-23,0
CLM-2024000374,Barbara Miller,47,2309.11,health,125,1,Medication coverage,2023-08-17,0
CLM-2024000417,Michael Wilson,32,2280.62,liability,324,1,Dog bite incident,2023-06-29,0
CLM-2024000165,John Johnson,52,9212.77,liability,203,3,Slip and fall incident,2023-02-04,0
CLM-2024000397,Patricia Brown,48,1370.94,auto,242,0,Rear-end accident on highway,2023-08-13,0
CLM-2024000227,Barbara Smith,33,8135.94,health,141,0,Physical therapy sessions,2023-05-27,0
CLM-2024000381,Susan Miller,38,5552.53,health,130,1,Emergency room visit for injury,2023-04-06,0
CLM-2024000154,Robert Williams,60,2720.11,auto,87,1,Vehicle damaged in parking lot,2023-05-22,0
CLM-2024000069,Jessica Smith,35,16452.29,auto,24,5,Exaggerated repair costs,2023-07-14,1
CLM-2024000117,Joseph Rodriguez,45,2561.63,liability,156,1,Liability for accident,2023-03-18,0
CLM-2024000051,Jennifer Martinez,28,10421.52,property,24,2,Fake inventory list,2023-05-14,1
CLM-2024000351,Richard Garcia,38,14030.79,auto,235,0,Minor collision at intersection,2023-06-24,0
CLM-2024000357,John Martinez,38,7325.64,property,64,0,Theft of belongings,2023-10-11,0
CLM-2024000252,Mary Smith,28,8629.74,property,99,1,Water damage from pipe burst,2023-10-16,0
CLM-2024000144,Sarah Garcia,43,8851.28,liability,67,1,Dog bite incident,2023-01-13,0
CLM-2024000160,John Garcia,48,4315.02,liability,263,1,Dog bite incident,2023-02-07,0
CLM-2024000156,Mary Williams,42,14746.73,health,313,0,Medication coverage,2023-05-16,0
CLM-2024000407,Mary Smith,62,5982.27,liability,292,1,Slip and fall incident,2023-06-25,0
CLM-2024000173,Susan Davis,39,6198.42,health,58,1,Physical therapy sessions,2023-07-12,0
CLM-2024000011,David Brown,62,10189.05,property,104,2,Staged damage claim,2023-10-18,1
CLM-2024000191,Joseph Smith,34,2698.92,property,192,1,Water damage from pipe burst,2023-08-25,0
CLM-2024000138,Susan Williams,33,7801.75,property,79,0,Storm damage to roof,2023-06-17,0
CLM-2024000244,Jessica Smith,37,1666.45,health,74,3,Physical therapy sessions,2023-05-02,0
CLM-2024000382,Susan Miller,75,4464.62,liability,326,2,Slip and fall incident,2023-10-31,0
CLM-2024000026,Barbara Miller,48,8416.1,auto,104,2,Exaggerated repair costs,2023-08-09,1
CLM-2024000122,Jessica Jones,51,11681.42,health,85,0,Physical therapy sessions,2023-02-08,0
CLM-2024000354,Robert Anderson,29,28418.46,liability,54,0,Liability for accident,2023-12-31,0
CLM-2024000170,Sarah Smith,49,2796.92,liability,154,1,Property damage from tenant,2023-10-15,0
CLM-2024000203,David Martinez,39,9162.28,auto,271,1,Rear-end accident on highway,2023-12-05,0
CLM-2024000435,Jennifer Garcia,52,36687.98,liability,273,0,Dog bite incident,2023-10-18,0
CLM-2024000206,Michael Garcia,53,1596.16,property,131,1,Fire damage in kitchen,2023-08-29,0
CLM-2024000356,Susan Davis,47,4461.71,auto,150,0,Side mirror damaged,2023-04-06,0
CLM-2024000349,Sarah Garcia,48,1406.54,liability,95,1,Liability for accident,2023-12-13,0
CLM-2024000437,Richard Williams,28,2366.27,liability,18,0,Dog bite incident,2023-07-06,0
CLM-2024000317,Thomas Jones,43,3207.09,auto,131,1,Rear-end accident on highway,2023-03-13,0
CLM-2024000074,Mary Garcia,30,2739.28,liability,33,4,Exaggerated injury claim,2023-10-04,1
CLM-2024000207,Thomas Miller,26,17635.63,liability,248,1,Dog bite incident,2023-09-15,0
CLM-2024000474,Robert Johnson,26,2460.43,health,177,0,Physical therapy sessions,2023-10-28,0
CLM-2024000089,Jessica Jones,45,76438.43,health,25,2,Fake medical documents,2024-01-14,1
CLM-2024000020,John Rodriguez,29,16919.69,auto,31,4,Total loss claim - minor damage,2023-09-06,1
CLM-2024000243,Jennifer Garcia,35,1185.29,property,293,1,Storm damage to roof,2023-03-22,0
CLM-2024000312,Linda Smith,67,18871.72,health,287,0,Emergency room visit for injury,2024-01-08,0
CLM-2024000293,Joseph Wilson,47,6299.47,property,110,2,Theft of belongings,2023-03-25,0
CLM-2024000249,Jennifer Garcia,32,4062.94,property,75,1,Storm damage to roof,2023-03-26,0
CLM-2024000336,Mary Smith,59,618.07,auto,280,0,Side mirror damaged,2023-12-09,0
CLM-2024000197,Patricia Rodriguez,29,30682.84,auto,335,1,Side mirror damaged,2023-06-18,0
CLM-2024000136,Robert Wilson,62,1169.27,property,124,1,Water damage from pipe burst,2023-12-14,0
CLM-2024000211,Barbara Smith,69,28434.0,health,58,3,Medication coverage,2023-08-19,0
CLM-2024000177,Jessica Rodriguez,55,4188.35,property,188,0,Theft of belongings,2023-12-14,0
CLM-2024000275,Robert Miller,49,2686.55,property,109,0,Storm damage to roof,2023-08-03,0
CLM-2024000445,Jessica Smith,52,14893.85,health,169,0,Surgery for condition,2023-08-03,0
CLM-2024000147,Joseph Garcia,37,11494.25,health,132,2,Medication coverage,2023-07-18,0
CLM-2024000468,Sarah Anderson,50,2974.84,health,93,0,Emergency room visit for injury,2023-05-17,0
CLM-2024000453,David Williams,47,5148.38,auto,167,2,Minor collision at intersection,2023-04-21,0
CLM-2024000400,Patricia Williams,45,5063.21,property,161,0,Fire damage in kitchen,2023-09-21,0
CLM-2024000289,Linda Rodriguez,47,10623.94,auto,158,1,Minor collision at intersection,2023-11-30,0
CLM-2024000055,Richard Anderson,48,21180.06,property,24,4,Fake inventory list,2023-06-17,1
CLM-2024000052,Thomas Johnson,40,9331.16,liability,5,1,Fake witness statement,2023-08-12,1
CLM-2024000389,Sarah Anderson,36,3837.14,health,306,0,Surgery for condition,2023-09-07,0
CLM-2024000299,Patricia Wilson,41,1846.85,property,269,3,Theft of belongings,2023-12-20,0
CLM-2024000302,Joseph Rodriguez,55,19065.54,auto,138,1,Vehicle damaged in parking lot,2023-09-27,0
CLM-2024000291,Patricia Garcia,49,3244.49,auto,160,2,Vehicle damaged in parking lot,2023-06-02,0
CLM-2024000491,John Jones,54,7521.02,auto,90,0,Side mirror damaged,2023-08-07,0
CLM-2024000077,Patricia Martinez,36,23497.39,auto,24,3,Total loss claim - minor damage,2023-06-09,1
CLM-2024000213,David Williams,52,19314.89,auto,126,0,Rear-end accident on highway,2024-01-01,0
CLM-2024000058,Jennifer Wilson,42,37752.48,liability,24,3,Exaggerated injury claim,2024-01-12,1
CLM-2024000215,William Brown,57,846.63,auto,241,1,Rear-end accident on highway,2023-01-10,0
CLM-2024000401,Robert Brown,56,2933.51,health,42,3,Surgery for condition,2023-12-26,0
CLM-2024000268,Mary Williams,37,5153.33,auto,320,1,Vehicle damaged in parking lot,2023-01-24,0
CLM-2024000301,Sarah Wilson,54,1954.39,liability,322,0,Dog bite incident,2024-01-23,0
CLM-2024000320,Richard Rodriguez,29,1346.04,property,296,0,Theft of belongings,2023-11-26,0
CLM-2024000359,Robert Jones,46,5711.87,liability,304,1,Property damage from tenant,2023-03-28,0
CLM-2024000403,John Miller,39,3607.71,liability,333,0,Property damage from tenant,2023-02-08,0
CLM-2024000007,Linda Jones,47,2371.92,property,24,3,Inflated property values,2023-01-24,1
CLM-2024000448,Mary Miller,61,9402.3,auto,338,2,Rear-end accident on highway,2023-10-31,0
CLM-2024000470,James Anderson,47,2795.93,property,315,0,Theft of belongings,2023-10-30,0
CLM-2024000235,Robert Johnson,38,2763.3,liability,27,0,Dog bite incident,2023-01-18,0
CLM-2024000267,Barbara Williams,44,1464.08,property,213,0,Storm damage to roof,2023-10-13,0
CLM-2024000142,Sarah Johnson,64,1425.37,auto,58,1,Side mirror damaged,2023-05-16,0
CLM-2024000439,Barbara Johnson,38,6147.42,auto,175,0,Minor collision at intersection,2023-10-20,0
CLM-2024000167,Susan Anderson,45,2496.98,property,355,0,Water damage from pipe burst,2023-12-07,0
CLM-2024000283,Joseph Wilson,59,3267.97,auto,33,0,Vehicle damaged in parking lot,2023-06-27,0
CLM-2024000204,Jennifer Anderson,32,4262.54,health,317,0,Medication coverage,2023-04-03,0
CLM-2024000285,Mary Wilson,22,3458.14,health,327,1,Surgery for condition,2023-05-05,0
CLM-2024000199,John Jones,24,19031.91,liability,191,0,Liability for accident,2023-03-08,0
CLM-2024000045,Barbara Smith,38,24733.67,liability,75,2,Fake witness statement,2023-06-07,1
CLM-2024000035,Thomas Garcia,49,9458.17,auto,24,2,Exaggerated repair costs,2023-10-26,1
CLM-2024000414,Robert Davis,63,2913.59,liability,187,2,Slip and fall incident,2023-12-22,0
CLM-2024000469,Jennifer Williams,32,9980.18,liability,124,1,Dog bite incident,2023-07-01,0
CLM-2024000373,James Johnson,51,2378.57,liability,181,3,Property damage from tenant,2023-02-24,0
CLM-2024000467,Barbara Martinez,27,545.22,liability,41,2,Dog bite incident,2023-09-29,0
CLM-2024000164,David Wilson,58,10847.2,property,224,1,Theft of belongings,2023-08-07,0
CLM-2024000133,Barbara Martinez,41,1411.23,liability,259,0,Property damage from tenant,2023-10-20,0
CLM-2024000305,Thomas Davis,23,21939.51,liability,360,0,Slip and fall incident,2023-02-16,0
CLM-2024000428,Michael Williams,62,2777.35,auto,154,0,Vehicle damaged in parking lot,2023-09-19,0
CLM-2024000076,William Garcia,48,27826.23,auto,24,1,Total loss claim - minor damage,2023-12-25,1
CLM-2024000322,Robert Davis,41,1093.19,property,135,2,Water damage from pipe burst,2023-12-29,0
CLM-2024000422,Jessica Miller,31,7204.13,auto,212,0,Minor collision at intersection,2023-05-03,0
CLM-2024000104,Jennifer Davis,51,8215.57,auto,356,2,Side mirror damaged,2024-01-26,0
CLM-2024000223,Mary Garcia,29,9601.48,property,309,1,Theft of belongings,2023-03-10,0
CLM-2024000350,Barbara Smith,56,4085.09,auto,83,1,Minor collision at intersection,2023-09-14,0
CLM-2024000041,William Rodriguez,42,27948.91,health,20,1,Unnecessary procedures claimed,2023-11-21,1
CLM-2024000217,Joseph Johnson,41,10072.28,liability,74,0,Slip and fall incident,2023-11-24,0
CLM-2024000022,Barbara Davis,43,14141.31,health,24,3,Fake medical documents,2023-12-10,1
CLM-2024000065,William Rodriguez,46,13153.0,liability,24,1,Fake witness statement,2023-11-23,1
